ID$,SHAPE$,LEF2$,2OP$,RIGH2$,BO22OM$,名称,住所,ひとくち,郵便番号,URL,写真URL,備考,電話番号,FAX番号
1,1131.4229837800134.4081626137111,131.42298378001,34.4081626137111,131.42298378001,34.4081626137111,東葛城出張所,神於町23228,,1960112,,,,072244720119,
2,1131.4229837800134.4081626137111,131.42298378001,34.4081626137111,131.42298378001,34.4081626137111,東葛城出張所,神於町23228,,1960112,,,,072244720119,
3,1131.4229837800134.4081626137111,131.42298378001,34.4081626137111,131.42298378001,34.4081626137111,東葛城出張所,神於町23228,,1960112,,,,072244720119,